{
  "orders": [
    {
      "order reference": "2143555435436-542543243243",
	  "marketplace": "Ebay",
      "postal service": "Royal Mail Tracked",
      "postcode": "CB10AA"
    },
    {
      "order reference": "1000999_993BHH",
	  "marketplace": "Tesco",
      "postal service": "FedEx International First®",
      "postcode": "cb99zz"
    },
    {
      "order reference": "4254656575765765",
	  "marketplace": "Walmart",
      "postal service": "UPS Freight",
      "postcode": "CB30AA"
    },
    {
      "order reference": "SDD4254656575765765-kdu94",
	  "marketplace": "JET",
      "postal service": "FedEx International First®",
      "postcode": "CB0 98ZZ"
    }
  ]
}